Wall time,Step,Value
1692555990.5636303,1,0.950751781463623
1692561087.2827013,2,0.9289929270744324
1692566163.4146953,3,0.983404278755188
1692571203.1005342,4,0.9879716038703918
1692576057.552313,5,0.9923404455184937
1692580906.4084496,6,0.9618723392486572
1692585777.8547142,7,0.9907517433166504
1692590630.4707508,8,0.9924822449684143
1692595480.3371415,9,0.993560254573822
1692600329.586347,10,0.9925106167793274
1692605184.0997458,11,0.9949219822883606
1692610040.7432373,12,0.9947517514228821
1692614900.3485148,13,0.9951489567756653
1692619760.1407435,14,0.9949787259101868
1692624638.6132586,15,0.9930779933929443
