Wall time,Step,Value
1692555990.5636303,1,0.9177399277687073
1692561087.2827013,2,0.9764066338539124
1692566163.4146953,3,0.9849992394447327
1692571203.1005342,4,0.9883215427398682
1692576057.552313,5,0.991341233253479
1692580906.4084496,6,0.9934657216072083
1692585777.8547142,7,0.9949724078178406
1692590630.4707508,8,0.9963782429695129
1692595480.3371415,9,0.997544527053833
1692600329.586347,10,0.998528003692627
1692605184.0997458,11,0.99927818775177
1692610040.7432373,12,0.9993633031845093
1692614900.3485148,13,0.9994609951972961
1692619760.1407435,14,0.9995681643486023
1692624638.6132586,15,0.9996185898780823
