Wall time,Step,Value
1692555990.5686145,1,0.9010244011878967
1692561087.2836974,2,0.9553759098052979
1692566163.4166887,3,0.9675303101539612
1692571203.1005342,4,0.972595751285553
1692576057.553309,5,0.9768447875976562
1692580906.4084496,6,0.9814720153808594
1692585777.8557112,7,0.9836280345916748
1692590630.4717476,8,0.9864743947982788
1692595480.3381395,9,0.9892356395721436
1692600329.58734,10,0.9923404455184937
1692605184.1017394,11,0.9947517514228821
1692610040.7442338,12,0.9952718615531921
1692614900.3495102,13,0.9958896636962891
1692619760.1407435,14,0.9965988993644714
1692624638.6142535,15,0.9969393014907837
