Wall time,Step,Value
1692555990.5686145,1,0.8946099281311035
1692561087.2836974,2,0.9443404078483582
1692566163.4166887,3,0.9655886292457581
1692571203.1005342,4,0.9647659659385681
1692576057.553309,5,0.9772198796272278
1692580906.4084496,6,0.9711489081382751
1692585777.8557112,7,0.9782978892326355
1692590630.4717476,8,0.9781844019889832
1692595480.3381395,9,0.9815319180488586
1692600329.58734,10,0.9820709228515625
1692605184.1017394,11,0.9817872047424316
1692610040.7442338,12,0.978723406791687
1692614900.3495102,13,0.9829503297805786
1692619760.1407435,14,0.9833475351333618
1692624638.6142535,15,0.9829503297805786
