Wall time,Step,Value
1692555990.5745938,1,0.9761702418327332
1692561087.2846944,2,0.9955461025238037
1692566163.4176855,3,0.9851347804069519
1692571203.1015306,4,0.9967375993728638
1692576057.554305,5,0.9974184632301331
1692580906.4094462,6,0.9980425238609314
1692585777.8567076,7,0.9985248446464539
1692590630.4727442,8,0.9984397292137146
1692595480.3391347,9,0.9985248446464539
1692600329.588335,10,0.9982127547264099
1692605184.1027365,11,0.9986666440963745
1692610040.7452307,12,0.9987233877182007
1692614900.3515036,13,0.9986666440963745
1692619760.1417413,14,0.998836874961853
1692624638.6152499,15,0.9987233877182007
