Wall time,Step,Value
1691980914.8694594,1,0.9416092038154602
1691985932.6457162,2,0.9535377025604248
1691990936.962276,3,0.9664878845214844
1691995940.9913917,4,0.9500383138656616
1692000950.841526,5,0.9708045721054077
1692006048.3275766,6,0.9665133953094482
1692011321.3020785,7,0.977931022644043
1692016771.080199,8,0.9792592525482178
1692022266.0743256,9,0.9813282489776611
1692027774.230776,10,0.9804086685180664
1692033218.9144297,11,0.9834227561950684
1692038706.5719948,12,0.9805108308792114
1692044199.2356877,13,0.9838569760322571
1692049635.7956696,14,0.9843167066574097
1692054681.95703,15,0.9830396175384521
