Wall time,Step,Value
1691526855.5486124,1,0.7928388714790344
1691526878.218555,2,0.8286445140838623
1691526900.2648506,3,0.8695651888847351
1691526923.1648924,4,0.8746802806854248
1691526946.97341,5,0.8951406478881836
