Wall time,Step,Value
1692269133.9747033,1,0.9539641737937927
1692269159.505142,2,0.971867024898529
1692269185.885729,3,0.9923273921012878
1692269212.2576518,4,0.9872123003005981
1692269239.106154,5,0.9948849081993103
