Wall time,Step,Value
1692269133.9707165,1,0.11733824014663696
1692269159.505142,2,0.08016770333051682
1692269185.8847516,3,0.030160535126924515
1692269212.2567306,4,0.035540621727705
1692269239.106154,5,0.026861494407057762
