Wall time,Step,Value
1692268547.6535213,1,0.7774935960769653
1692268571.1637492,2,0.7877237796783447
1692268594.700627,3,0.8465473055839539
1692268618.720885,4,0.8542199730873108
1692268643.073457,5,0.8721227645874023
