Wall time,Step,Value
1692489211.6347804,1,0.7784090638160706
1692489238.899954,2,0.8153409361839294
1692489266.6373026,3,0.8607954382896423
1692489292.71273,4,0.8778409361839294
1692489318.7410755,5,0.8835227489471436
