Wall time,Step,Value
1692489211.6347804,1,0.7069019675254822
1692489238.899954,2,0.7932555675506592
1692489266.6373026,3,0.8427355885505676
1692489292.71273,4,0.8578632473945618
1692489318.7410755,5,0.8679482936859131
