Wall time,Step,Value
1691526855.5486124,1,0.7133737802505493
1691526878.218555,2,0.8075327277183533
1691526900.2648506,3,0.8490265011787415
1691526923.1648924,4,0.8669007420539856
1691526946.97341,5,0.894031286239624
