Wall time,Step,Value
1692489211.6307933,1,0.485078901052475
1692489238.8989575,2,0.4221161901950836
1692489266.6373026,3,0.32571154832839966
1692489292.7117312,4,0.2935311794281006
1692489318.7400982,5,0.26673606038093567
