Wall time,Step,Value
1691526855.5456119,1,0.4547547698020935
1691526878.218555,2,0.37508055567741394
1691526900.2648506,3,0.29493647813796997
1691526923.1631327,4,0.26400840282440186
1691526946.9724169,5,0.24761228263378143
