Wall time,Step,Value
1692268547.6505413,1,0.47507596015930176
1692268571.1627512,2,0.4381782114505768
1692268594.6996307,3,0.3489778935909271
1692268618.720885,4,0.31492680311203003
1692268643.073457,5,0.28518739342689514
