Wall time,Step,Value
1692268547.6505413,1,0.5534852147102356
1692268571.1627512,2,0.4559066593647003
1692268594.6996307,3,0.3941613435745239
1692268618.720885,4,0.3387613892555237
1692268643.073457,5,0.3117709159851074
