Wall time,Step,Value
1691527179.029787,1,0.9769821166992188
1691527207.2982008,2,0.9309462904930115
1691527233.8918815,3,0.971867024898529
1691527259.9605916,4,0.9616368412971497
1691527285.3890758,5,0.9820972084999084
