Wall time,Step,Value
1692521281.8273728,1,0.9659090638160706
1692521306.9714978,2,0.9488636255264282
1692521332.8100204,3,0.9801136255264282
1692521359.3913941,4,0.9829545617103577
1692521384.7563713,5,0.9943181872367859
