Wall time,Step,Value
1692521281.8273728,1,0.8896942734718323
1692521306.9714978,2,0.9732114672660828
1692521332.8100204,3,0.9810904264450073
1692521359.3913941,4,0.9873936176300049
1692521384.7563713,5,0.9880239367485046
