Wall time,Step,Value
1692521281.8243828,1,0.24871444702148438
1692521306.9714978,2,0.08373762667179108
1692521332.8100204,3,0.05836150050163269
1692521359.3903975,4,0.04417164996266365
1692521384.7553747,5,0.03953307494521141
