Wall time,Step,Value
1691527179.0267832,1,0.1032843366265297
1691527207.297276,2,0.17124781012535095
1691527233.8918815,3,0.08517821133136749
1691527259.9605916,4,0.09943579882383347
1691527285.3890758,5,0.0642508715391159
