Wall time,Step,Value
1692521281.8243828,1,0.10019749402999878
1692521306.9714978,2,0.11248709261417389
1692521332.8100204,3,0.039198167622089386
1692521359.3903975,4,0.03677167743444443
1692521384.7553747,5,0.021937064826488495
