Wall time,Step,Value
1691527179.0267832,1,0.25323760509490967
1691527207.297276,2,0.08317407220602036
1691527233.8918815,3,0.0699046403169632
1691527259.9605916,4,0.055534131824970245
1691527285.3890758,5,0.0446171835064888
