Wall time,Step,Value
1692520508.23932,1,0.7094232439994812
1692520533.1308212,2,0.7923101186752319
1692520557.4707355,3,0.8525055050849915
1692520581.8835473,4,0.8849669098854065
1692520606.4596953,5,0.8915852308273315
