Wall time,Step,Value
1691527013.4418325,1,0.7749360799789429
1691527038.0799644,2,0.8184143304824829
1691527064.9764683,3,0.861892580986023
1691527089.9451408,4,0.8797953724861145
1691527115.7077663,5,0.8439897894859314
