Wall time,Step,Value
1692520508.23932,1,0.7301136255264282
1692520533.1308212,2,0.8011363744735718
1692520557.4707355,3,0.8551136255264282
1692520581.8835473,4,0.8721590638160706
1692520606.4596953,5,0.8579545617103577
