Wall time,Step,Value
1692268964.8220448,1,0.7698209881782532
1692268988.1903198,2,0.8286445140838623
1692269011.7616084,3,0.8516623973846436
1692269036.258076,4,0.8823529481887817
1692269061.34255,5,0.877237856388092
