Wall time,Step,Value
1692520508.2363305,1,0.56903076171875
1692520533.1308212,2,0.4508292078971863
1692520557.469737,3,0.3443537652492523
1692520581.8825507,4,0.2741529643535614
1692520606.4596953,5,0.24520179629325867
