Wall time,Step,Value
1692520508.2363305,1,0.51338130235672
1692520533.1308212,2,0.4240129590034485
1692520557.469737,3,0.348006010055542
1692520581.8825507,4,0.32670068740844727
1692520606.4596953,5,0.32142359018325806
