Wall time,Step,Value
1691527013.4388375,1,0.47275954484939575
1691527038.0789692,2,0.41506704688072205
1691527064.9754684,3,0.3333418667316437
1691527089.9451408,4,0.3123862147331238
1691527115.7077663,5,0.36965858936309814
