Wall time,Step,Value
1692268964.8185596,1,0.5164810419082642
1692268988.1893196,2,0.3925558030605316
1692269011.7606797,3,0.3153030276298523
1692269036.2570782,4,0.29364416003227234
1692269061.34255,5,0.29300111532211304
