Wall time,Step,Value
1692268964.8185596,1,0.5860194563865662
1692268988.1893196,2,0.43474656343460083
1692269011.7606797,3,0.31750351190567017
1692269036.2570782,4,0.2753087878227234
1692269061.34255,5,0.2352515012025833
